IdBot;NomeBot;IdOrdem;Data;Stake;Odd;Tipo;PL;Selecao;IdSelecao
33;OVER 0.5 HT [1.48- 1.7];2.76368E+11;2022-08-07T15:00:15.342Z;2;1.54;BACK;-2;Over 0.5 Goals;5851483
33;OVER 0.5 HT [1.48- 1.7];2.7637E+11;2022-08-07T15:16:13.805Z;2;1.66;BACK;1.32;Over 0.5 Goals;5851483
33;OVER 0.5 HT [1.48- 1.7];2.76371E+11;2022-08-07T15:19:45.112Z;2;1.48;BACK;0.96;Over 0.5 Goals;5851483
33;OVER 0.5 HT [1.48- 1.7];2.76376E+11;2022-08-07T15:45:48.607Z;2;1.71;BACK;-2;Over 0.5 Goals;5851483
33;OVER 0.5 HT [1.48- 1.7];2.76407E+11;2022-08-07T19:11:16.086Z;2;1.48;BACK;0.96;Over 0.5 Goals;5851483
33;OVER 0.5 HT [1.48- 1.7];2.76423E+11;2022-08-07T22:10:44.735Z;2;1.66;BACK;1.32;Over 0.5 Goals;5851483
33;OVER 0.5 HT [1.48- 1.7];2.76441E+11;2022-08-08T07:46:19.474Z;2;1.72;BACK;-2;Over 0.5 Goals;5851483
33;OVER 0.5 HT [1.48- 1.7];2.76455E+11;2022-08-08T11:54:50.057Z;2;1.52;BACK;1.04;Over 0.5 Goals;5851483
33;OVER 0.5 HT [1.48- 1.7];2.76462E+11;2022-08-08T14:12:50.293Z;2;1.7;BACK;-2;Over 0.5 Goals;5851483
33;OVER 0.5 HT [1.48- 1.7];2.76497E+11;2022-08-08T19:13:52.357Z;2;1.66;BACK;1.32;Over 0.5 Goals;5851483
33;OVER 0.5 HT [1.48- 1.7];2.76499E+11;2022-08-08T19:29:22.077Z;2;1.7;BACK;-2;Over 0.5 Goals;5851483
33;OVER 0.5 HT [1.48- 1.7];2.76525E+11;2022-08-09T08:11:22.336Z;2;1.58;BACK;1.16;Over 0.5 Goals;5851483
33;OVER 0.5 HT [1.48- 1.7];2.76536E+11;2022-08-09T11:40:22.810Z;2;1.57;BACK;1.14;Over 0.5 Goals;5851483
33;OVER 0.5 HT [1.48- 1.7];2.76596E+11;2022-08-09T22:10:32.923Z;2;1.69;BACK;1.38;Over 0.5 Goals;5851483
33;OVER 0.5 HT [1.48- 1.7];2.76602E+11;2022-08-10T00:40:33.589Z;2;1.57;BACK;1.14;Over 0.5 Goals;5851483
33;OVER 0.5 HT [1.48- 1.7];2.76603E+11;2022-08-10T00:41:33.569Z;2;1.64;BACK;-2;Over 0.5 Goals;5851483
33;OVER 0.5 HT [1.48- 1.7];2.76875E+11;2022-08-12T19:11:30.588Z;2;1.63;BACK;-2;Over 0.5 Goals;5851483
33;OVER 0.5 HT [1.48- 1.7];2.76879E+11;2022-08-12T19:28:31.202Z;2;1.66;BACK;1.32;Over 0.5 Goals;5851483
33;OVER 0.5 HT [1.48- 1.7];2.76909E+11;2022-08-13T05:13:58.707Z;2;1.6;BACK;1.2;Over 0.5 Goals;5851483
33;OVER 0.5 HT [1.48- 1.7];2.76938E+11;2022-08-13T11:12:42.616Z;2;1.6;BACK;1.2;Over 0.5 Goals;5851483
33;OVER 0.5 HT [1.48- 1.7];2.76942E+11;2022-08-13T11:42:43.641Z;2;1.54;BACK;1.08;Over 0.5 Goals;5851483
33;OVER 0.5 HT [1.48- 1.7];2.76965E+11;2022-08-13T13:50:11.507Z;2;1.53;BACK;1.06;Over 0.5 Goals;5851483
33;OVER 0.5 HT [1.48- 1.7];2.76988E+11;2022-08-13T15:14:07.187Z;2;1.59;BACK;-2;Over 0.5 Goals;5851483
33;OVER 0.5 HT [1.48- 1.7];2.76989E+11;2022-08-13T15:15:52.962Z;2;1.51;BACK;1.02;Over 0.5 Goals;5851483
33;OVER 0.5 HT [1.48- 1.7];2.77007E+11;2022-08-13T16:41:33.176Z;2;1.52;BACK;1.04;Over 0.5 Goals;5851483
33;OVER 0.5 HT [1.48- 1.7];2.77008E+11;2022-08-13T16:44:01.257Z;2;1.55;BACK;1.1;Over 0.5 Goals;5851483
33;OVER 0.5 HT [1.48- 1.7];2.77014E+11;2022-08-13T17:16:30.766Z;2;1.48;BACK;-2;Over 0.5 Goals;5851483
33;OVER 0.5 HT [1.48- 1.7];2.77019E+11;2022-08-13T17:42:01.469Z;2;1.52;BACK;1.04;Over 0.5 Goals;5851483
33;OVER 0.5 HT [1.48- 1.7];2.77024E+11;2022-08-13T18:11:02.656Z;2;1.56;BACK;-2;Over 0.5 Goals;5851483
33;OVER 0.5 HT [1.48- 1.7];2.77025E+11;2022-08-13T18:15:02.679Z;2;1.49;BACK;-2;Over 0.5 Goals;5851483
33;OVER 0.5 HT [1.48- 1.7];2.77033E+11;2022-08-13T18:57:06.677Z;2;1.64;BACK;1.28;Over 0.5 Goals;5851483
33;OVER 0.5 HT [1.48- 1.7];2.77036E+11;2022-08-13T19:16:32.167Z;2;1.48;BACK;-2;Over 0.5 Goals;5851483
33;OVER 0.5 HT [1.48- 1.7];2.77036E+11;2022-08-13T19:17:01.292Z;2;1.48;BACK;-2;Over 0.5 Goals;5851483
33;OVER 0.5 HT [1.48- 1.7];2.7704E+11;2022-08-13T19:41:03.530Z;2;1.69;BACK;1.38;Over 0.5 Goals;5851483
33;OVER 0.5 HT [1.48- 1.7];2.77041E+11;2022-08-13T19:45:02.382Z;2;1.48;BACK;0.96;Over 0.5 Goals;5851483
33;OVER 0.5 HT [1.48- 1.7];2.77054E+11;2022-08-13T21:48:19.556Z;2;1.69;BACK;-2;Over 0.5 Goals;5851483
33;OVER 0.5 HT [1.48- 1.7];2.77056E+11;2022-08-13T22:18:49.240Z;2;1.61;BACK;1.22;Over 0.5 Goals;5851483
33;OVER 0.5 HT [1.48- 1.7];2.77062E+11;2022-08-13T23:43:19.083Z;2;1.66;BACK;1.32;Over 0.5 Goals;5851483
33;OVER 0.5 HT [1.48- 1.7];2.77062E+11;2022-08-13T23:48:50.289Z;2;1.49;BACK;0.98;Over 0.5 Goals;5851483
33;OVER 0.5 HT [1.48- 1.7];2.77062E+11;2022-08-13T23:49:19.767Z;2;1.52;BACK;1.04;Over 0.5 Goals;5851483
33;OVER 0.5 HT [1.48- 1.7];2.77062E+11;2022-08-13T23:51:19.857Z;2;1.52;BACK;1.04;Over 0.5 Goals;5851483
33;OVER 0.5 HT [1.48- 1.7];2.77062E+11;2022-08-13T23:51:20.202Z;2;1.49;BACK;0.98;Over 0.5 Goals;5851483
33;OVER 0.5 HT [1.48- 1.7];2.77065E+11;2022-08-14T00:20:19.849Z;2;1.54;BACK;1.08;Over 0.5 Goals;5851483
33;OVER 0.5 HT [1.48- 1.7];2.77069E+11;2022-08-14T01:20:52.554Z;2;1.54;BACK;1.08;Over 0.5 Goals;5851483
33;OVER 0.5 HT [1.48- 1.7];2.77075E+11;2022-08-14T02:54:48.970Z;2;1.49;BACK;-2;Over 0.5 Goals;5851483
33;OVER 0.5 HT [1.48- 1.7];2.77088E+11;2022-08-14T08:16:24.214Z;2;1.56;BACK;1.12;Over 0.5 Goals;5851483
33;OVER 0.5 HT [1.48- 1.7];2.77099E+11;2022-08-14T10:13:56.548Z;2;1.57;BACK;-2;Over 0.5 Goals;5851483
33;OVER 0.5 HT [1.48- 1.7];2.77111E+11;2022-08-14T11:43:58.381Z;2;1.52;BACK;-2;Over 0.5 Goals;5851483
33;OVER 0.5 HT [1.48- 1.7];2.77111E+11;2022-08-14T11:46:27.784Z;2;1.65;BACK;1.3;Over 0.5 Goals;5851483
33;OVER 0.5 HT [1.48- 1.7];2.7712E+11;2022-08-14T12:46:39.145Z;2;1.49;BACK;0.98;Over 0.5 Goals;5851483
33;OVER 0.5 HT [1.48- 1.7];2.77135E+11;2022-08-14T14:12:17.430Z;2;1.7;BACK;1.4;Over 0.5 Goals;5851483
33;OVER 0.5 HT [1.48- 1.7];2.77137E+11;2022-08-14T14:18:46.636Z;2;1.68;BACK;1.36;Over 0.5 Goals;5851483
33;OVER 0.5 HT [1.48- 1.7];2.77155E+11;2022-08-14T15:57:48.224Z;2;1.59;BACK;1.18;Over 0.5 Goals;5851483
33;OVER 0.5 HT [1.48- 1.7];2.77163E+11;2022-08-14T16:44:39.495Z;2;1.55;BACK;1.1;Over 0.5 Goals;5851483
33;OVER 0.5 HT [1.48- 1.7];2.77163E+11;2022-08-14T16:46:38.557Z;2;1.67;BACK;1.34;Over 0.5 Goals;5851483
33;OVER 0.5 HT [1.48- 1.7];2.77167E+11;2022-08-14T17:11:37.082Z;2;1.5;BACK;-2;Over 0.5 Goals;5851483
33;OVER 0.5 HT [1.48- 1.7];2.7718E+11;2022-08-14T18:45:38.276Z;2;1.7;BACK;-2;Over 0.5 Goals;5851483
33;OVER 0.5 HT [1.48- 1.7];2.77181E+11;2022-08-14T18:56:42.656Z;2;1.52;BACK;1.04;Over 0.5 Goals;5851483
33;OVER 0.5 HT [1.48- 1.7];2.77181E+11;2022-08-14T18:56:42.805Z;2;1.62;BACK;1.24;Over 0.5 Goals;5851483
33;OVER 0.5 HT [1.48- 1.7];2.77181E+11;2022-08-14T18:56:42.959Z;2;1.54;BACK;-2;Over 0.5 Goals;5851483
33;OVER 0.5 HT [1.48- 1.7];2.77181E+11;2022-08-14T18:57:10.691Z;2;1.61;BACK;1.22;Over 0.5 Goals;5851483
33;OVER 0.5 HT [1.48- 1.7];2.77181E+11;2022-08-14T18:57:10.848Z;2;1.7;BACK;1.4;Over 0.5 Goals;5851483
33;OVER 0.5 HT [1.48- 1.7];2.77181E+11;2022-08-14T18:57:11.033Z;2;1.57;BACK;1.14;Over 0.5 Goals;5851483
33;OVER 0.5 HT [1.48- 1.7];2.77184E+11;2022-08-14T19:11:10.991Z;2;1.48;BACK;-2;Over 0.5 Goals;5851483
33;OVER 0.5 HT [1.48- 1.7];2.77188E+11;2022-08-14T19:41:10.337Z;2;1.7;BACK;1.4;Over 0.5 Goals;5851483
33;OVER 0.5 HT [1.48- 1.7];2.7721E+11;2022-08-15T01:40:06.089Z;2;1.49;BACK;0.98;Over 0.5 Goals;5851483
33;OVER 0.5 HT [1.48- 1.7];2.77211E+11;2022-08-15T02:19:06.198Z;2;1.53;BACK;1.06;Over 0.5 Goals;5851483
33;OVER 0.5 HT [1.48- 1.7];2.77246E+11;2022-08-15T14:52:07.623Z;2;1.67;BACK;1.34;Over 0.5 Goals;5851483
33;OVER 0.5 HT [1.48- 1.7];2.7725E+11;2022-08-15T15:41:09.510Z;2;1.65;BACK;-2;Over 0.5 Goals;5851483
33;OVER 0.5 HT [1.48- 1.7];2.77253E+11;2022-08-15T16:10:10.112Z;2;1.63;BACK;1.26;Over 0.5 Goals;5851483
33;OVER 0.5 HT [1.48- 1.7];2.77257E+11;2022-08-15T16:42:10.597Z;2;1.58;BACK;1.16;Over 0.5 Goals;5851483
33;OVER 0.5 HT [1.48- 1.7];2.77277E+11;2022-08-15T18:59:42.379Z;2;1.5;BACK;1;Over 0.5 Goals;5851483
33;OVER 0.5 HT [1.48- 1.7];2.77283E+11;2022-08-15T19:51:44.898Z;2;1.69;BACK;1.38;Over 0.5 Goals;5851483
33;OVER 0.5 HT [1.48- 1.7];2.77361E+11;2022-08-16T18:56:52.516Z;2;1.59;BACK;-2;Over 0.5 Goals;5851483
33;OVER 0.5 HT [1.48- 1.7];2.77361E+11;2022-08-16T18:56:53.313Z;2;1.58;BACK;-2;Over 0.5 Goals;5851483
33;OVER 0.5 HT [1.48- 1.7];2.77361E+11;2022-08-16T18:56:54.261Z;2;1.6;BACK;1.2;Over 0.5 Goals;5851483
33;OVER 0.5 HT [1.48- 1.7];2.77361E+11;2022-08-16T18:56:54.551Z;2;1.58;BACK;1.16;Over 0.5 Goals;5851483
33;OVER 0.5 HT [1.48- 1.7];2.77362E+11;2022-08-16T18:58:52.684Z;2;1.7;BACK;-2;Over 0.5 Goals;5851483
33;OVER 0.5 HT [1.48- 1.7];2.77362E+11;2022-08-16T18:58:53.901Z;2;1.69;BACK;1.38;Over 0.5 Goals;5851483
33;OVER 0.5 HT [1.48- 1.7];2.77362E+11;2022-08-16T18:58:54.540Z;2;1.57;BACK;1.14;Over 0.5 Goals;5851483
33;OVER 0.5 HT [1.48- 1.7];2.77362E+11;2022-08-16T19:00:52.269Z;2;1.66;BACK;1.32;Over 0.5 Goals;5851483
33;OVER 0.5 HT [1.48- 1.7];2.77365E+11;2022-08-16T19:12:53.516Z;2;1.69;BACK;1.38;Over 0.5 Goals;5851483
33;OVER 0.5 HT [1.48- 1.7];2.77393E+11;2022-08-17T02:54:14.685Z;2;1.48;BACK;-2;Over 0.5 Goals;5851483
33;OVER 0.5 HT [1.48- 1.7];2.77418E+11;2022-08-17T11:43:48.212Z;2;1.5;BACK;1;Over 0.5 Goals;5851483
33;OVER 0.5 HT [1.48- 1.7];2.77463E+11;2022-08-17T19:11:05.418Z;2;1.57;BACK;1.14;Over 0.5 Goals;5851483
33;OVER 0.5 HT [1.48- 1.7];2.77463E+11;2022-08-17T19:11:35.035Z;2;1.62;BACK;-2;Over 0.5 Goals;5851483
33;OVER 0.5 HT [1.48- 1.7];2.77474E+11;2022-08-17T22:13:35.045Z;2;1.62;BACK;-2;Over 0.5 Goals;5851483
33;OVER 0.5 HT [1.48- 1.7];2.77479E+11;2022-08-17T23:49:05.920Z;2;1.5;BACK;1;Over 0.5 Goals;5851483
33;OVER 0.5 HT [1.48- 1.7];2.77479E+11;2022-08-17T23:50:05.908Z;2;1.48;BACK;0.96;Over 0.5 Goals;5851483
33;OVER 0.5 HT [1.48- 1.7];2.77482E+11;2022-08-18T00:41:35.682Z;2;1.67;BACK;1.34;Over 0.5 Goals;5851483
33;OVER 0.5 HT [1.48- 1.7];2.77484E+11;2022-08-18T01:18:37.190Z;2;1.55;BACK;1.1;Over 0.5 Goals;5851483
33;OVER 0.5 HT [1.48- 1.7];2.77487E+11;2022-08-18T02:18:37.232Z;2;1.55;BACK;1.1;Over 0.5 Goals;5851483
33;OVER 0.5 HT [1.48- 1.7];2.77607E+11;2022-08-19T10:44:19.973Z;2;1.7;BACK;1.4;Over 0.5 Goals;5851483
33;OVER 0.5 HT [1.48- 1.7];2.77666E+11;2022-08-19T18:50:16.406Z;2;1.55;BACK;1.1;Over 0.5 Goals;5851483
33;OVER 0.5 HT [1.48- 1.7];2.7768E+11;2022-08-19T20:11:52.980Z;2;1.57;BACK;-2;Over 0.5 Goals;5851483
33;OVER 0.5 HT [1.48- 1.7];2.7768E+11;2022-08-19T20:12:24.671Z;2;1.64;BACK;1.28;Over 0.5 Goals;5851483
33;OVER 0.5 HT [1.48- 1.7];2.77693E+11;2022-08-20T00:39:46.558Z;2;1.61;BACK;-2;Over 0.5 Goals;5851483
33;OVER 0.5 HT [1.48- 1.7];2.77703E+11;2022-08-20T05:15:25.855Z;2;1.63;BACK;1.26;Over 0.5 Goals;5851483
33;OVER 0.5 HT [1.48- 1.7];2.77731E+11;2022-08-20T11:11:01.698Z;2;1.63;BACK;1.26;Over 0.5 Goals;5851483
33;OVER 0.5 HT [1.48- 1.7];2.77736E+11;2022-08-20T11:42:02.586Z;2;1.64;BACK;1.28;Over 0.5 Goals;5851483
33;OVER 0.5 HT [1.48- 1.7];2.77752E+11;2022-08-20T13:16:07.612Z;2;1.63;BACK;1.26;Over 0.5 Goals;5851483
33;OVER 0.5 HT [1.48- 1.7];2.77758E+11;2022-08-20T13:42:09.100Z;2;1.52;BACK;-2;Over 0.5 Goals;5851483
33;OVER 0.5 HT [1.48- 1.7];2.77759E+11;2022-08-20T13:44:08.853Z;2;1.66;BACK;1.32;Over 0.5 Goals;5851483
33;OVER 0.5 HT [1.48- 1.7];2.7776E+11;2022-08-20T13:50:08.808Z;2;1.5;BACK;1;Over 0.5 Goals;5851483
33;OVER 0.5 HT [1.48- 1.7];2.77767E+11;2022-08-20T14:17:12.855Z;2;1.69;BACK;-2;Over 0.5 Goals;5851483
33;OVER 0.5 HT [1.48- 1.7];2.77806E+11;2022-08-20T16:42:18.482Z;2;1.59;BACK;1.18;Over 0.5 Goals;5851483
33;OVER 0.5 HT [1.48- 1.7];2.77807E+11;2022-08-20T16:44:17.984Z;2;1.54;BACK;-2;Over 0.5 Goals;5851483
33;OVER 0.5 HT [1.48- 1.7];2.77807E+11;2022-08-20T16:44:18.004Z;2;1.65;BACK;-2;Over 0.5 Goals;5851483
33;OVER 0.5 HT [1.48- 1.7];2.77818E+11;2022-08-20T17:42:27.901Z;2;1.54;BACK;-2;Over 0.5 Goals;5851483
33;OVER 0.5 HT [1.48- 1.7];2.77829E+11;2022-08-20T18:44:52.368Z;2;1.53;BACK;-2;Over 0.5 Goals;5851483
33;OVER 0.5 HT [1.48- 1.7];2.77831E+11;2022-08-20T18:56:23.117Z;2;1.72;BACK;1.44;Over 0.5 Goals;5851483
33;OVER 0.5 HT [1.48- 1.7];2.77832E+11;2022-08-20T18:57:24.968Z;2;1.67;BACK;1.34;Over 0.5 Goals;5851483
33;OVER 0.5 HT [1.48- 1.7];2.77832E+11;2022-08-20T18:57:59.622Z;2;1.48;BACK;0.96;Over 0.5 Goals;5851483
33;OVER 0.5 HT [1.48- 1.7];2.77832E+11;2022-08-20T18:57:59.675Z;2;1.58;BACK;-2;Over 0.5 Goals;5851483
33;OVER 0.5 HT [1.48- 1.7];2.77833E+11;2022-08-20T19:05:55.484Z;2;1.47;BACK;0.94;Over 0.5 Goals;5851483
33;OVER 0.5 HT [1.48- 1.7];2.77839E+11;2022-08-20T19:42:24.531Z;2;1.7;BACK;1.4;Over 0.5 Goals;5851483
33;OVER 0.5 HT [1.48- 1.7];2.77839E+11;2022-08-20T19:42:55.686Z;2;1.49;BACK;-2;Over 0.5 Goals;5851483
33;OVER 0.5 HT [1.48- 1.7];2.77849E+11;2022-08-20T21:14:34.243Z;2;1.48;BACK;0.96;Over 0.5 Goals;5851483
33;OVER 0.5 HT [1.48- 1.7];2.77853E+11;2022-08-20T22:19:27.571Z;2;1.5;BACK;1;Over 0.5 Goals;5851483
33;OVER 0.5 HT [1.48- 1.7];2.77856E+11;2022-08-20T23:21:58.215Z;2;1.55;BACK;1.1;Over 0.5 Goals;5851483
33;OVER 0.5 HT [1.48- 1.7];2.77858E+11;2022-08-20T23:48:58.766Z;2;1.5;BACK;1;Over 0.5 Goals;5851483
33;OVER 0.5 HT [1.48- 1.7];2.77858E+11;2022-08-20T23:51:00.940Z;2;1.51;BACK;1.02;Over 0.5 Goals;5851483
33;OVER 0.5 HT [1.48- 1.7];2.7786E+11;2022-08-21T00:21:59.190Z;2;1.49;BACK;0.98;Over 0.5 Goals;5851483
33;OVER 0.5 HT [1.48- 1.7];2.7786E+11;2022-08-21T00:21:59.216Z;2;1.48;BACK;0.96;Over 0.5 Goals;5851483
33;OVER 0.5 HT [1.48- 1.7];2.77864E+11;2022-08-21T01:20:29.316Z;2;1.52;BACK;-2;Over 0.5 Goals;5851483
33;OVER 0.5 HT [1.48- 1.7];2.77867E+11;2022-08-21T02:24:59.441Z;2;1.55;BACK;-2;Over 0.5 Goals;5851483
33;OVER 0.5 HT [1.48- 1.7];2.77904E+11;2022-08-21T11:41:40.763Z;2;1.62;BACK;1.24;Over 0.5 Goals;5851483
33;OVER 0.5 HT [1.48- 1.7];2.77915E+11;2022-08-21T12:52:12.913Z;2;1.48;BACK;0.96;Over 0.5 Goals;5851483
33;OVER 0.5 HT [1.48- 1.7];2.77924E+11;2022-08-21T13:42:15.278Z;2;1.52;BACK;-2;Over 0.5 Goals;5851483
33;OVER 0.5 HT [1.48- 1.7];2.77938E+11;2022-08-21T15:03:41.133Z;2;1.49;BACK;-2;Over 0.5 Goals;5851483
33;OVER 0.5 HT [1.48- 1.7];2.7794E+11;2022-08-21T15:12:12.659Z;2;1.55;BACK;1.1;Over 0.5 Goals;5851483
33;OVER 0.5 HT [1.48- 1.7];2.7794E+11;2022-08-21T15:12:12.763Z;2;1.57;BACK;1.14;Over 0.5 Goals;5851483
33;OVER 0.5 HT [1.48- 1.7];2.77945E+11;2022-08-21T15:41:12.701Z;2;1.68;BACK;1.36;Over 0.5 Goals;5851483
33;OVER 0.5 HT [1.48- 1.7];2.77953E+11;2022-08-21T16:26:16.021Z;2;1.58;BACK;1.16;Over 0.5 Goals;5851483
33;OVER 0.5 HT [1.48- 1.7];2.77956E+11;2022-08-21T16:41:17.836Z;2;1.53;BACK;-2;Over 0.5 Goals;5851483
33;OVER 0.5 HT [1.48- 1.7];2.77957E+11;2022-08-21T16:49:17.217Z;2;1.51;BACK;1.02;Over 0.5 Goals;5851483
33;OVER 0.5 HT [1.48- 1.7];2.77965E+11;2022-08-21T17:43:13.873Z;2;1.68;BACK;-2;Over 0.5 Goals;5851483
33;OVER 0.5 HT [1.48- 1.7];2.77974E+11;2022-08-21T18:55:41.485Z;2;1.55;BACK;1.1;Over 0.5 Goals;5851483
33;OVER 0.5 HT [1.48- 1.7];2.77974E+11;2022-08-21T18:56:11.484Z;2;1.67;BACK;1.34;Over 0.5 Goals;5851483
33;OVER 0.5 HT [1.48- 1.7];2.77974E+11;2022-08-21T18:56:11.540Z;2;1.52;BACK;1.04;Over 0.5 Goals;5851483
33;OVER 0.5 HT [1.48- 1.7];2.77974E+11;2022-08-21T18:56:41.394Z;2;1.69;BACK;1.38;Over 0.5 Goals;5851483
33;OVER 0.5 HT [1.48- 1.7];2.77974E+11;2022-08-21T18:57:11.493Z;2;1.6;BACK;1.2;Over 0.5 Goals;5851483
33;OVER 0.5 HT [1.48- 1.7];2.77975E+11;2022-08-21T19:00:40.410Z;2;1.65;BACK;1.3;Over 0.5 Goals;5851483
33;OVER 0.5 HT [1.48- 1.7];2.77991E+11;2022-08-21T21:13:10.323Z;2;1.5;BACK;1;Over 0.5 Goals;5851483
33;OVER 0.5 HT [1.48- 1.7];2.77996E+11;2022-08-21T22:18:40.001Z;2;1.54;BACK;1.08;Over 0.5 Goals;5851483
33;OVER 0.5 HT [1.48- 1.7];2.77999E+11;2022-08-21T23:02:38.889Z;2;1.5;BACK;1;Over 0.5 Goals;5851483
33;OVER 0.5 HT [1.48- 1.7];2.78E+11;2022-08-21T23:18:39.195Z;2;1.63;BACK;-2;Over 0.5 Goals;5851483
33;OVER 0.5 HT [1.48- 1.7];2.78002E+11;2022-08-22T00:05:40.495Z;2;1.54;BACK;1.08;Over 0.5 Goals;5851483
33;OVER 0.5 HT [1.48- 1.7];2.78066E+11;2022-08-22T18:12:13.102Z;2;1.61;BACK;1.22;Over 0.5 Goals;5851483
33;OVER 0.5 HT [1.48- 1.7];2.78066E+11;2022-08-22T18:12:13.125Z;2;1.67;BACK;1.34;Over 0.5 Goals;5851483
33;OVER 0.5 HT [1.48- 1.7];2.78066E+11;2022-08-22T18:13:13.213Z;2;1.68;BACK;-2;Over 0.5 Goals;5851483
33;OVER 0.5 HT [1.48- 1.7];2.78072E+11;2022-08-22T18:55:43.228Z;2;1.63;BACK;-2;Over 0.5 Goals;5851483
33;OVER 0.5 HT [1.48- 1.7];2.78076E+11;2022-08-22T19:26:45.759Z;2;1.59;BACK;-2;Over 0.5 Goals;5851483
33;OVER 0.5 HT [1.48- 1.7];2.78078E+11;2022-08-22T19:42:42.962Z;2;1.66;BACK;-2;Over 0.5 Goals;5851483
33;OVER 0.5 HT [1.48- 1.7];2.78092E+11;2022-08-23T00:42:26.035Z;2;1.66;BACK;1.32;Over 0.5 Goals;5851483
33;OVER 0.5 HT [1.48- 1.7];2.78364E+11;2022-08-26T00:41:25.891Z;2;1.69;BACK;1.38;Over 0.5 Goals;5851483
33;OVER 0.5 HT [1.48- 1.7];2.78365E+11;2022-08-26T01:11:26.615Z;2;1.67;BACK;1.34;Over 0.5 Goals;5851483
33;OVER 0.5 HT [1.48- 1.7];2.78433E+11;2022-08-26T16:41:34.711Z;2;1.49;BACK;0.98;Over 0.5 Goals;5851483
33;OVER 0.5 HT [1.48- 1.7];2.78433E+11;2022-08-26T16:43:33.140Z;2;1.55;BACK;1.1;Over 0.5 Goals;5851483
33;OVER 0.5 HT [1.48- 1.7];2.78433E+11;2022-08-26T16:43:33.279Z;2;1.53;BACK;-2;Over 0.5 Goals;5851483
33;OVER 0.5 HT [1.48- 1.7];2.78449E+11;2022-08-26T18:14:05.656Z;2;1.59;BACK;-2;Over 0.5 Goals;5851483
33;OVER 0.5 HT [1.48- 1.7];2.78454E+11;2022-08-26T18:41:06.407Z;2;1.52;BACK;-2;Over 0.5 Goals;5851483
33;OVER 0.5 HT [1.48- 1.7];2.78457E+11;2022-08-26T18:58:38.165Z;2;1.56;BACK;1.12;Over 0.5 Goals;5851483
33;OVER 0.5 HT [1.48- 1.7];2.78467E+11;2022-08-26T20:12:04.144Z;2;1.66;BACK;1.32;Over 0.5 Goals;5851483
33;OVER 0.5 HT [1.48- 1.7];2.78473E+11;2022-08-26T22:10:47.295Z;2;1.64;BACK;-2;Over 0.5 Goals;5851483
33;OVER 0.5 HT [1.48- 1.7];2.78481E+11;2022-08-27T00:32:17.460Z;2;1.51;BACK;1.02;Over 0.5 Goals;5851483
33;OVER 0.5 HT [1.48- 1.7];2.78482E+11;2022-08-27T00:40:47.561Z;2;1.63;BACK;1.26;Over 0.5 Goals;5851483
33;OVER 0.5 HT [1.48- 1.7];2.7851E+11;2022-08-27T09:14:53.682Z;2;1.64;BACK;-2;Over 0.5 Goals;5851483
33;OVER 0.5 HT [1.48- 1.7];2.78518E+11;2022-08-27T10:15:24.837Z;2;1.68;BACK;1.36;Over 0.5 Goals;5851483
33;OVER 0.5 HT [1.48- 1.7];2.78526E+11;2022-08-27T11:12:25.265Z;2;1.53;BACK;1.06;Over 0.5 Goals;5851483
33;OVER 0.5 HT [1.48- 1.7];2.78527E+11;2022-08-27T11:14:56.418Z;2;1.58;BACK;1.16;Over 0.5 Goals;5851483
33;OVER 0.5 HT [1.48- 1.7];2.78527E+11;2022-08-27T11:16:55.901Z;2;1.54;BACK;1.08;Over 0.5 Goals;5851483
33;OVER 0.5 HT [1.48- 1.7];2.78532E+11;2022-08-27T11:42:25.970Z;2;1.66;BACK;-2;Over 0.5 Goals;5851483
33;OVER 0.5 HT [1.48- 1.7];2.78555E+11;2022-08-27T13:43:00.940Z;2;1.57;BACK;1.14;Over 0.5 Goals;5851483
33;OVER 0.5 HT [1.48- 1.7];2.78556E+11;2022-08-27T13:46:00.721Z;2;1.49;BACK;0.98;Over 0.5 Goals;5851483
33;OVER 0.5 HT [1.48- 1.7];2.78556E+11;2022-08-27T13:46:30.725Z;2;1.5;BACK;1;Over 0.5 Goals;5851483
33;OVER 0.5 HT [1.48- 1.7];2.78562E+11;2022-08-27T14:11:33.340Z;2;1.52;BACK;-2;Over 0.5 Goals;5851483
33;OVER 0.5 HT [1.48- 1.7];2.78562E+11;2022-08-27T14:12:01.759Z;2;1.58;BACK;1.16;Over 0.5 Goals;5851483
33;OVER 0.5 HT [1.48- 1.7];2.78562E+11;2022-08-27T14:12:32.407Z;2;1.6;BACK;-2;Over 0.5 Goals;5851483
33;OVER 0.5 HT [1.48- 1.7];2.78563E+11;2022-08-27T14:13:32.243Z;2;1.61;BACK;1.22;Over 0.5 Goals;5851483
33;OVER 0.5 HT [1.48- 1.7];2.78563E+11;2022-08-27T14:16:34.850Z;2;1.67;BACK;-2;Over 0.5 Goals;5851483
33;OVER 0.5 HT [1.48- 1.7];2.78565E+11;2022-08-27T14:21:33.428Z;2;1.51;BACK;1.02;Over 0.5 Goals;5851483
33;OVER 0.5 HT [1.48- 1.7];2.78571E+11;2022-08-27T14:43:37.797Z;2;1.64;BACK;1.28;Over 0.5 Goals;5851483
33;OVER 0.5 HT [1.48- 1.7];2.78596E+11;2022-08-27T16:41:42.623Z;2;1.64;BACK;1.28;Over 0.5 Goals;5851483
33;OVER 0.5 HT [1.48- 1.7];2.78599E+11;2022-08-27T16:56:11.000Z;2;1.53;BACK;1.06;Over 0.5 Goals;5851483
33;OVER 0.5 HT [1.48- 1.7];2.78599E+11;2022-08-27T16:56:40.586Z;2;1.55;BACK;1.1;Over 0.5 Goals;5851483
33;OVER 0.5 HT [1.48- 1.7];2.78603E+11;2022-08-27T17:12:17.938Z;2;1.51;BACK;1.02;Over 0.5 Goals;5851483
33;OVER 0.5 HT [1.48- 1.7];2.7861E+11;2022-08-27T17:48:21.226Z;2;1.49;BACK;0.98;Over 0.5 Goals;5851483
33;OVER 0.5 HT [1.48- 1.7];2.78615E+11;2022-08-27T18:15:49.364Z;2;1.51;BACK;-2;Over 0.5 Goals;5851483
33;OVER 0.5 HT [1.48- 1.7];2.78619E+11;2022-08-27T18:41:19.904Z;2;1.52;BACK;1.04;Over 0.5 Goals;5851483
33;OVER 0.5 HT [1.48- 1.7];2.78622E+11;2022-08-27T18:56:21.779Z;2;1.56;BACK;1.12;Over 0.5 Goals;5851483
33;OVER 0.5 HT [1.48- 1.7];2.78622E+11;2022-08-27T18:56:51.225Z;2;1.5;BACK;1;Over 0.5 Goals;5851483
33;OVER 0.5 HT [1.48- 1.7];2.78622E+11;2022-08-27T18:58:20.451Z;2;1.7;BACK;1.4;Over 0.5 Goals;5851483
33;OVER 0.5 HT [1.48- 1.7];2.78622E+11;2022-08-27T18:58:49.637Z;2;1.64;BACK;1.28;Over 0.5 Goals;5851483
33;OVER 0.5 HT [1.48- 1.7];2.78622E+11;2022-08-27T18:59:20.423Z;2;1.67;BACK;1.34;Over 0.5 Goals;5851483
33;OVER 0.5 HT [1.48- 1.7];2.78625E+11;2022-08-27T19:15:21.543Z;2;1.58;BACK;1.16;Over 0.5 Goals;5851483
33;OVER 0.5 HT [1.48- 1.7];2.7863E+11;2022-08-27T19:45:52.959Z;2;1.47;BACK;-2;Over 0.5 Goals;5851483
33;OVER 0.5 HT [1.48- 1.7];2.78633E+11;2022-08-27T20:07:18.895Z;2;1.51;BACK;1.02;Over 0.5 Goals;5851483
33;OVER 0.5 HT [1.48- 1.7];2.78634E+11;2022-08-27T20:11:50.887Z;2;1.66;BACK;1.32;Over 0.5 Goals;5851483
33;OVER 0.5 HT [1.48- 1.7];2.78638E+11;2022-08-27T20:44:13.664Z;2;1.71;BACK;-2;Over 0.5 Goals;5851483
33;OVER 0.5 HT [1.48- 1.7];2.78648E+11;2022-08-27T23:20:07.083Z;2;1.52;BACK;1.04;Over 0.5 Goals;5851483
33;OVER 0.5 HT [1.48- 1.7];2.78649E+11;2022-08-27T23:42:07.820Z;2;1.68;BACK;1.36;Over 0.5 Goals;5851483
33;OVER 0.5 HT [1.48- 1.7];2.78649E+11;2022-08-27T23:51:08.508Z;2;1.58;BACK;1.16;Over 0.5 Goals;5851483
33;OVER 0.5 HT [1.48- 1.7];2.78651E+11;2022-08-28T00:11:09.013Z;2;1.67;BACK;-2;Over 0.5 Goals;5851483
33;OVER 0.5 HT [1.48- 1.7];2.78651E+11;2022-08-28T00:21:10.332Z;2;1.53;BACK;-2;Over 0.5 Goals;5851483
33;OVER 0.5 HT [1.48- 1.7];2.78652E+11;2022-08-28T00:23:10.385Z;2;1.48;BACK;0.96;Over 0.5 Goals;5851483
33;OVER 0.5 HT [1.48- 1.7];2.78655E+11;2022-08-28T01:20:41.505Z;2;1.68;BACK;1.36;Over 0.5 Goals;5851483
33;OVER 0.5 HT [1.48- 1.7];2.78698E+11;2022-08-28T11:41:50.940Z;2;1.55;BACK;-2;Over 0.5 Goals;5851483
33;OVER 0.5 HT [1.48- 1.7];2.78698E+11;2022-08-28T11:43:21.948Z;2;1.54;BACK;-2;Over 0.5 Goals;5851483
33;OVER 0.5 HT [1.48- 1.7];2.78708E+11;2022-08-28T12:48:23.446Z;2;1.47;BACK;-2;Over 0.5 Goals;5851483
33;OVER 0.5 HT [1.48- 1.7];2.78717E+11;2022-08-28T13:41:40.692Z;2;1.55;BACK;-2;Over 0.5 Goals;5851483
33;OVER 0.5 HT [1.48- 1.7];2.7873E+11;2022-08-28T14:57:22.118Z;2;1.52;BACK;-2;Over 0.5 Goals;5851483
33;OVER 0.5 HT [1.48- 1.7];2.78732E+11;2022-08-28T15:11:22.229Z;2;1.54;BACK;1.08;Over 0.5 Goals;5851483
33;OVER 0.5 HT [1.48- 1.7];2.78746E+11;2022-08-28T16:40:54.505Z;2;1.51;BACK;-2;Over 0.5 Goals;5851483
33;OVER 0.5 HT [1.48- 1.7];2.78755E+11;2022-08-28T17:42:54.169Z;2;1.58;BACK;1.16;Over 0.5 Goals;5851483
33;OVER 0.5 HT [1.48- 1.7];2.78756E+11;2022-08-28T17:53:59.308Z;2;1.47;BACK;0.94;Over 0.5 Goals;5851483
33;OVER 0.5 HT [1.48- 1.7];2.78764E+11;2022-08-28T18:55:38.749Z;2;1.6;BACK;1.2;Over 0.5 Goals;5851483
33;OVER 0.5 HT [1.48- 1.7];2.78764E+11;2022-08-28T18:56:09.243Z;2;1.57;BACK;1.14;Over 0.5 Goals;5851483
33;OVER 0.5 HT [1.48- 1.7];2.78764E+11;2022-08-28T18:56:38.532Z;2;1.54;BACK;-2;Over 0.5 Goals;5851483
33;OVER 0.5 HT [1.48- 1.7];2.7877E+11;2022-08-28T19:39:39.141Z;2;1.5;BACK;1;Over 0.5 Goals;5851483
33;OVER 0.5 HT [1.48- 1.7];2.78774E+11;2022-08-28T20:11:10.374Z;2;1.55;BACK;1.1;Over 0.5 Goals;5851483
33;OVER 0.5 HT [1.48- 1.7];2.78775E+11;2022-08-28T20:20:40.147Z;2;1.49;BACK;-2;Over 0.5 Goals;5851483
33;OVER 0.5 HT [1.48- 1.7];2.7878E+11;2022-08-28T21:10:38.188Z;2;1.64;BACK;-2;Over 0.5 Goals;5851483
33;OVER 0.5 HT [1.48- 1.7];2.78802E+11;2022-08-29T07:15:08.527Z;2;1.55;BACK;1.1;Over 0.5 Goals;5851483
33;OVER 0.5 HT [1.48- 1.7];2.78866E+11;2022-08-29T19:00:05.361Z;2;1.62;BACK;1.24;Over 0.5 Goals;5851483
33;OVER 0.5 HT [1.48- 1.7];2.7888E+11;2022-08-29T23:10:49.377Z;2;1.64;BACK;1.28;Over 0.5 Goals;5851483
33;OVER 0.5 HT [1.48- 1.7];2.78885E+11;2022-08-30T01:15:20.177Z;2;1.7;BACK;1.4;Over 0.5 Goals;5851483
33;OVER 0.5 HT [1.48- 1.7];2.78896E+11;2022-08-30T07:54:21.120Z;2;1.51;BACK;1.02;Over 0.5 Goals;5851483
33;OVER 0.5 HT [1.48- 1.7];2.78939E+11;2022-08-30T16:42:02.363Z;2;1.51;BACK;-2;Over 0.5 Goals;5851483
33;OVER 0.5 HT [1.48- 1.7];2.78959E+11;2022-08-30T18:56:33.851Z;2;1.5;BACK;1;Over 0.5 Goals;5851483
33;OVER 0.5 HT [1.48- 1.7];2.78959E+11;2022-08-30T18:56:33.914Z;2;1.63;BACK;1.26;Over 0.5 Goals;5851483
33;OVER 0.5 HT [1.48- 1.7];2.7896E+11;2022-08-30T19:01:05.048Z;2;1.69;BACK;-2;Over 0.5 Goals;5851483
33;OVER 0.5 HT [1.48- 1.7];2.78968E+11;2022-08-30T19:38:35.162Z;2;1.5;BACK;1;Over 0.5 Goals;5851483
33;OVER 0.5 HT [1.48- 1.7];2.79001E+11;2022-08-31T07:42:05.178Z;2;1.48;BACK;0.96;Over 0.5 Goals;5851483
33;OVER 0.5 HT [1.48- 1.7];2.7901E+11;2022-08-31T10:14:07.761Z;2;1.6;BACK;1.2;Over 0.5 Goals;5851483
33;OVER 0.5 HT [1.48- 1.7];2.79054E+11;2022-08-31T16:40:59.382Z;2;1.67;BACK;1.34;Over 0.5 Goals;5851483
33;OVER 0.5 HT [1.48- 1.7];2.79054E+11;2022-08-31T16:41:58.107Z;2;1.58;BACK;1.16;Over 0.5 Goals;5851483
33;OVER 0.5 HT [1.48- 1.7];2.79054E+11;2022-08-31T16:41:58.132Z;2;1.6;BACK;1.2;Over 0.5 Goals;5851483
33;OVER 0.5 HT [1.48- 1.7];2.79077E+11;2022-08-31T18:57:22.750Z;2;1.58;BACK;-2;Over 0.5 Goals;5851483
33;OVER 0.5 HT [1.48- 1.7];2.79078E+11;2022-08-31T18:58:23.474Z;2;1.64;BACK;1.28;Over 0.5 Goals;5851483
33;OVER 0.5 HT [1.48- 1.7];2.79078E+11;2022-08-31T18:58:51.708Z;2;1.54;BACK;1.08;Over 0.5 Goals;5851483
33;OVER 0.5 HT [1.48- 1.7];2.79101E+11;2022-08-31T23:33:52.490Z;2;1.51;BACK;1.02;Over 0.5 Goals;5851483
33;OVER 0.5 HT [1.48- 1.7];2.79102E+11;2022-08-31T23:49:52.988Z;2;1.62;BACK;1.24;Over 0.5 Goals;5851483
33;OVER 0.5 HT [1.48- 1.7];2.79102E+11;2022-08-31T23:51:23.226Z;2;1.57;BACK;-2;Over 0.5 Goals;5851483
33;OVER 0.5 HT [1.48- 1.7];2.79102E+11;2022-08-31T23:52:23.016Z;2;1.7;BACK;-2;Over 0.5 Goals;5851483
33;OVER 0.5 HT [1.48- 1.7];2.79103E+11;2022-08-31T23:54:23.143Z;2;1.48;BACK;0.96;Over 0.5 Goals;5851483
33;OVER 0.5 HT [1.48- 1.7];2.79104E+11;2022-09-01T00:19:53.352Z;2;1.49;BACK;0.98;Over 0.5 Goals;5851483
33;OVER 0.5 HT [1.48- 1.7];2.79106E+11;2022-09-01T00:40:24.276Z;2;1.67;BACK;1.34;Over 0.5 Goals;5851483
33;OVER 0.5 HT [1.48- 1.7];2.79107E+11;2022-09-01T00:48:53.584Z;2;1.53;BACK;1.06;Over 0.5 Goals;5851483
33;OVER 0.5 HT [1.48- 1.7];2.79111E+11;2022-09-01T01:33:54.065Z;2;1.66;BACK;1.32;Over 0.5 Goals;5851483
33;OVER 0.5 HT [1.48- 1.7];2.79181E+11;2022-09-01T18:12:32.974Z;2;1.54;BACK;-2;Over 0.5 Goals;5851483
33;OVER 0.5 HT [1.48- 1.7];2.79186E+11;2022-09-01T18:55:35.174Z;2;1.59;BACK;1.18;Over 0.5 Goals;5851483
33;OVER 0.5 HT [1.48- 1.7];2.79186E+11;2022-09-01T18:56:34.649Z;2;1.61;BACK;-2;Over 0.5 Goals;5851483
33;OVER 0.5 HT [1.48- 1.7];2.792E+11;2022-09-01T23:13:59.140Z;2;1.66;BACK;-2;Over 0.5 Goals;5851483
33;OVER 0.5 HT [1.48- 1.7];2.79204E+11;2022-09-02T00:40:29.662Z;2;1.68;BACK;1.36;Over 0.5 Goals;5851483
33;OVER 0.5 HT [1.48- 1.7];2.79223E+11;2022-09-02T07:42:52.602Z;2;1.62;BACK;-2;Over 0.5 Goals;5851483
33;OVER 0.5 HT [1.48- 1.7];2.79223E+11;2022-09-02T07:47:52.356Z;2;1.48;BACK;0.96;Over 0.5 Goals;5851483
33;OVER 0.5 HT [1.48- 1.7];2.79236E+11;2022-09-02T10:46:55.136Z;2;1.52;BACK;-2;Over 0.5 Goals;5851483
33;OVER 0.5 HT [1.48- 1.7];2.79274E+11;2022-09-02T16:43:58.700Z;2;1.64;BACK;1.28;Over 0.5 Goals;5851483
33;OVER 0.5 HT [1.48- 1.7];2.79279E+11;2022-09-02T17:12:57.822Z;2;1.55;BACK;-2;Over 0.5 Goals;5851483
33;OVER 0.5 HT [1.48- 1.7];2.79288E+11;2022-09-02T18:13:00.866Z;2;1.48;BACK;-2;Over 0.5 Goals;5851483
33;OVER 0.5 HT [1.48- 1.7];2.79289E+11;2022-09-02T18:19:01.313Z;2;1.5;BACK;1;Over 0.5 Goals;5851483
33;OVER 0.5 HT [1.48- 1.7];2.79293E+11;2022-09-02T18:41:36.849Z;2;1.68;BACK;1.36;Over 0.5 Goals;5851483
33;OVER 0.5 HT [1.48- 1.7];2.79294E+11;2022-09-02T18:45:02.939Z;2;1.48;BACK;0.96;Over 0.5 Goals;5851483
33;OVER 0.5 HT [1.48- 1.7];2.79299E+11;2022-09-02T19:12:07.374Z;2;1.67;BACK;1.34;Over 0.5 Goals;5851483
33;OVER 0.5 HT [1.48- 1.7];2.7931E+11;2022-09-02T20:26:50.537Z;2;1.5;BACK;1;Over 0.5 Goals;5851483
33;OVER 0.5 HT [1.48- 1.7];2.79349E+11;2022-09-03T07:47:07.036Z;2;1.48;BACK;0.96;Over 0.5 Goals;5851483
33;OVER 0.5 HT [1.48- 1.7];2.79359E+11;2022-09-03T09:16:15.322Z;2;1.69;BACK;1.38;Over 0.5 Goals;5851483
33;OVER 0.5 HT [1.48- 1.7];2.79363E+11;2022-09-03T09:45:47.428Z;2;1.53;BACK;-2;Over 0.5 Goals;5851483
33;OVER 0.5 HT [1.48- 1.7];2.7939E+11;2022-09-03T12:12:35.265Z;2;1.72;BACK;-2;Over 0.5 Goals;5851483
33;OVER 0.5 HT [1.48- 1.7];2.7939E+11;2022-09-03T12:12:35.575Z;2;1.55;BACK;1.1;Over 0.5 Goals;5851483
33;OVER 0.5 HT [1.48- 1.7];2.79412E+11;2022-09-03T13:42:44.831Z;2;1.49;BACK;-2;Over 0.5 Goals;5851483
33;OVER 0.5 HT [1.48- 1.7];2.79412E+11;2022-09-03T13:42:44.862Z;2;1.53;BACK;1.06;Over 0.5 Goals;5851483
33;OVER 0.5 HT [1.48- 1.7];2.79413E+11;2022-09-03T13:45:47.821Z;2;1.53;BACK;1.06;Over 0.5 Goals;5851483
33;OVER 0.5 HT [1.48- 1.7];2.79421E+11;2022-09-03T14:12:53.051Z;2;1.6;BACK;1.2;Over 0.5 Goals;5851483
33;OVER 0.5 HT [1.48- 1.7];2.79421E+11;2022-09-03T14:12:53.083Z;2;1.62;BACK;1.24;Over 0.5 Goals;5851483
33;OVER 0.5 HT [1.48- 1.7];2.79422E+11;2022-09-03T14:15:24.514Z;2;1.68;BACK;-2;Over 0.5 Goals;5851483
33;OVER 0.5 HT [1.48- 1.7];2.79422E+11;2022-09-03T14:17:24.243Z;2;1.58;BACK;-2;Over 0.5 Goals;5851483
33;OVER 0.5 HT [1.48- 1.7];2.79433E+11;2022-09-03T14:47:26.036Z;2;1.48;BACK;-2;Over 0.5 Goals;5851483
33;OVER 0.5 HT [1.48- 1.7];2.79436E+11;2022-09-03T14:57:26.196Z;2;1.56;BACK;1.12;Over 0.5 Goals;5851483
33;OVER 0.5 HT [1.48- 1.7];2.79443E+11;2022-09-03T15:20:03.466Z;2;1.5;BACK;-2;Over 0.5 Goals;5851483
33;OVER 0.5 HT [1.48- 1.7];2.79464E+11;2022-09-03T16:44:39.367Z;2;1.54;BACK;1.08;Over 0.5 Goals;5851483
33;OVER 0.5 HT [1.48- 1.7];2.79466E+11;2022-09-03T17:00:09.568Z;2;1.54;BACK;1.08;Over 0.5 Goals;5851483
33;OVER 0.5 HT [1.48- 1.7];2.79469E+11;2022-09-03T17:14:10.587Z;2;1.63;BACK;1.26;Over 0.5 Goals;5851483
33;OVER 0.5 HT [1.48- 1.7];2.79484E+11;2022-09-03T18:46:07.364Z;2;1.48;BACK;0.96;Over 0.5 Goals;5851483
33;OVER 0.5 HT [1.48- 1.7];2.79489E+11;2022-09-03T19:11:44.606Z;2;1.51;BACK;1.02;Over 0.5 Goals;5851483
33;OVER 0.5 HT [1.48- 1.7];2.79494E+11;2022-09-03T19:42:45.042Z;2;1.51;BACK;1.02;Over 0.5 Goals;5851483
33;OVER 0.5 HT [1.48- 1.7];2.79496E+11;2022-09-03T20:01:14.205Z;2;1.5;BACK;-2;Over 0.5 Goals;5851483
33;OVER 0.5 HT [1.48- 1.7];2.79507E+11;2022-09-03T21:51:43.855Z;2;1.5;BACK;-2;Over 0.5 Goals;5851483
33;OVER 0.5 HT [1.48- 1.7];2.79509E+11;2022-09-03T22:13:13.562Z;2;1.7;BACK;1.4;Over 0.5 Goals;5851483
33;OVER 0.5 HT [1.48- 1.7];2.79513E+11;2022-09-03T23:19:14.384Z;2;1.69;BACK;-2;Over 0.5 Goals;5851483
33;OVER 0.5 HT [1.48- 1.7];2.79513E+11;2022-09-03T23:21:14.960Z;2;1.69;BACK;-2;Over 0.5 Goals;5851483
33;OVER 0.5 HT [1.48- 1.7];2.79515E+11;2022-09-03T23:41:14.965Z;2;1.62;BACK;1.24;Over 0.5 Goals;5851483
33;OVER 0.5 HT [1.48- 1.7];2.79515E+11;2022-09-03T23:49:14.617Z;2;1.49;BACK;0.98;Over 0.5 Goals;5851483
33;OVER 0.5 HT [1.48- 1.7];2.79522E+11;2022-09-04T01:30:44.452Z;2;1.67;BACK;1.34;Over 0.5 Goals;5851483
33;OVER 0.5 HT [1.48- 1.7];2.79522E+11;2022-09-04T01:40:44.041Z;2;1.49;BACK;-2;Over 0.5 Goals;5851483
33;OVER 0.5 HT [1.48- 1.7];2.79557E+11;2022-09-04T10:26:48.566Z;2;1.48;BACK;0.96;Over 0.5 Goals;5851483
33;OVER 0.5 HT [1.48- 1.7];2.7956E+11;2022-09-04T10:43:47.349Z;2;1.54;BACK;-2;Over 0.5 Goals;5851483
33;OVER 0.5 HT [1.48- 1.7];2.79568E+11;2022-09-04T11:41:25.265Z;2;1.65;BACK;-2;Over 0.5 Goals;5851483
33;OVER 0.5 HT [1.48- 1.7];2.79569E+11;2022-09-04T11:43:55.850Z;2;1.58;BACK;1.16;Over 0.5 Goals;5851483
33;OVER 0.5 HT [1.48- 1.7];2.79578E+11;2022-09-04T12:41:26.903Z;2;1.61;BACK;1.22;Over 0.5 Goals;5851483
33;OVER 0.5 HT [1.48- 1.7];2.79579E+11;2022-09-04T12:44:28.234Z;2;1.6;BACK;-2;Over 0.5 Goals;5851483
33;OVER 0.5 HT [1.48- 1.7];2.7959E+11;2022-09-04T13:41:30.948Z;2;1.54;BACK;-2;Over 0.5 Goals;5851483
33;OVER 0.5 HT [1.48- 1.7];2.79595E+11;2022-09-04T14:12:05.347Z;2;1.64;BACK;1.28;Over 0.5 Goals;5851483
33;OVER 0.5 HT [1.48- 1.7];2.79596E+11;2022-09-04T14:14:05.386Z;2;1.67;BACK;1.34;Over 0.5 Goals;5851483
33;OVER 0.5 HT [1.48- 1.7];2.79596E+11;2022-09-04T14:14:36.962Z;2;1.7;BACK;1.4;Over 0.5 Goals;5851483
33;OVER 0.5 HT [1.48- 1.7];2.79599E+11;2022-09-04T14:28:06.650Z;2;1.57;BACK;-2;Over 0.5 Goals;5851483
33;OVER 0.5 HT [1.48- 1.7];2.79605E+11;2022-09-04T15:02:28.785Z;2;1.7;BACK;-2;Over 0.5 Goals;5851483
33;OVER 0.5 HT [1.48- 1.7];2.79607E+11;2022-09-04T15:13:01.605Z;2;1.52;BACK;1.04;Over 0.5 Goals;5851483
33;OVER 0.5 HT [1.48- 1.7];2.79612E+11;2022-09-04T15:43:59.902Z;2;1.54;BACK;-2;Over 0.5 Goals;5851483
33;OVER 0.5 HT [1.48- 1.7];2.79618E+11;2022-09-04T16:13:29.755Z;2;1.71;BACK;1.42;Over 0.5 Goals;5851483
33;OVER 0.5 HT [1.48- 1.7];2.79622E+11;2022-09-04T16:43:00.482Z;2;1.5;BACK;1;Over 0.5 Goals;5851483
33;OVER 0.5 HT [1.48- 1.7];2.79647E+11;2022-09-04T19:42:31.493Z;2;1.67;BACK;-2;Over 0.5 Goals;5851483
33;OVER 0.5 HT [1.48- 1.7];2.79659E+11;2022-09-04T22:09:30.977Z;2;1.49;BACK;0.98;Over 0.5 Goals;5851483
33;OVER 0.5 HT [1.48- 1.7];2.79664E+11;2022-09-04T23:42:28.347Z;2;1.48;BACK;0.96;Over 0.5 Goals;5851483
33;OVER 0.5 HT [1.48- 1.7];2.79665E+11;2022-09-04T23:48:58.919Z;2;1.51;BACK;-2;Over 0.5 Goals;5851483
33;OVER 0.5 HT [1.48- 1.7];2.7967E+11;2022-09-05T01:20:29.287Z;2;1.49;BACK;0.98;Over 0.5 Goals;5851483
33;OVER 0.5 HT [1.48- 1.7];2.79674E+11;2022-09-05T02:54:27.753Z;2;1.49;BACK;-2;Over 0.5 Goals;5851483
33;OVER 0.5 HT [1.48- 1.7];2.79725E+11;2022-09-05T16:41:50.493Z;2;1.69;BACK;1.38;Over 0.5 Goals;5851483
33;OVER 0.5 HT [1.48- 1.7];2.79725E+11;2022-09-05T16:42:20.586Z;2;1.52;BACK;-2;Over 0.5 Goals;5851483
33;OVER 0.5 HT [1.48- 1.7];2.79737E+11;2022-09-05T18:10:28.285Z;2;1.68;BACK;-2;Over 0.5 Goals;5851483
33;OVER 0.5 HT [1.48- 1.7];2.79744E+11;2022-09-05T18:58:29.387Z;2;1.67;BACK;1.34;Over 0.5 Goals;5851483
33;OVER 0.5 HT [1.48- 1.7];2.79745E+11;2022-09-05T19:10:29.906Z;2;1.65;BACK;-2;Over 0.5 Goals;5851483
33;OVER 0.5 HT [1.48- 1.7];2.79746E+11;2022-09-05T19:10:59.194Z;2;1.58;BACK;1.16;Over 0.5 Goals;5851483
33;OVER 0.5 HT [1.48- 1.7];2.79778E+11;2022-09-06T07:41:17.021Z;2;1.61;BACK;1.22;Over 0.5 Goals;5851483
33;OVER 0.5 HT [1.48- 1.7];2.79826E+11;2022-09-06T16:57:27.754Z;2;1.5;BACK;1;Over 0.5 Goals;5851483
33;OVER 0.5 HT [1.48- 1.7];2.79826E+11;2022-09-06T16:57:57.664Z;2;1.48;BACK;0.96;Over 0.5 Goals;5851483
33;OVER 0.5 HT [1.48- 1.7];2.79839E+11;2022-09-06T18:56:05.376Z;2;1.6;BACK;1.2;Over 0.5 Goals;5851483
33;OVER 0.5 HT [1.48- 1.7];2.7984E+11;2022-09-06T19:10:39.473Z;2;1.54;BACK;1.08;Over 0.5 Goals;5851483
33;OVER 0.5 HT [1.48- 1.7];2.79841E+11;2022-09-06T19:15:08.050Z;2;1.49;BACK;-2;Over 0.5 Goals;5851483
33;OVER 0.5 HT [1.48- 1.7];2.79875E+11;2022-09-07T07:41:50.052Z;2;1.5;BACK;1;Over 0.5 Goals;5851483
33;OVER 0.5 HT [1.48- 1.7];2.79885E+11;2022-09-07T10:15:51.855Z;2;1.5;BACK;-2;Over 0.5 Goals;5851483
33;OVER 0.5 HT [1.48- 1.7];2.79922E+11;2022-09-07T16:56:41.116Z;2;1.52;BACK;1.04;Over 0.5 Goals;5851483
33;OVER 0.5 HT [1.48- 1.7];2.79922E+11;2022-09-07T16:58:11.523Z;2;1.63;BACK;-2;Over 0.5 Goals;5851483
33;OVER 0.5 HT [1.48- 1.7];2.79935E+11;2022-09-07T19:11:42.809Z;2;1.48;BACK;0.96;Over 0.5 Goals;5851483
33;OVER 0.5 HT [1.48- 1.7];2.79935E+11;2022-09-07T19:11:43.306Z;2;1.54;BACK;-2;Over 0.5 Goals;5851483
33;OVER 0.5 HT [1.48- 1.7];2.79936E+11;2022-09-07T19:18:13.801Z;2;1.51;BACK;1.02;Over 0.5 Goals;5851483
33;OVER 0.5 HT [1.48- 1.7];2.79954E+11;2022-09-08T00:20:45.227Z;2;1.53;BACK;1.06;Over 0.5 Goals;5851483
33;OVER 0.5 HT [1.48- 1.7];2.79955E+11;2022-09-08T00:40:44.469Z;2;1.52;BACK;1.04;Over 0.5 Goals;5851483
33;OVER 0.5 HT [1.48- 1.7];2.79973E+11;2022-09-08T07:42:08.817Z;2;1.59;BACK;1.18;Over 0.5 Goals;5851483
33;OVER 0.5 HT [1.48- 1.7];2.79988E+11;2022-09-08T11:40:43.627Z;2;1.67;BACK;1.34;Over 0.5 Goals;5851483
33;OVER 0.5 HT [1.48- 1.7];2.8002E+11;2022-09-08T16:56:13.519Z;2;1.64;BACK;1.28;Over 0.5 Goals;5851483
33;OVER 0.5 HT [1.48- 1.7];2.8002E+11;2022-09-08T16:56:43.426Z;2;1.65;BACK;-2;Over 0.5 Goals;5851483
33;OVER 0.5 HT [1.48- 1.7];2.8002E+11;2022-09-08T16:56:43.505Z;2;1.62;BACK;1.24;Over 0.5 Goals;5851483
33;OVER 0.5 HT [1.48- 1.7];2.8002E+11;2022-09-08T16:57:42.017Z;2;1.7;BACK;1.4;Over 0.5 Goals;5851483
33;OVER 0.5 HT [1.48- 1.7];2.80021E+11;2022-09-08T16:58:12.447Z;2;1.66;BACK;1.32;Over 0.5 Goals;5851483
33;OVER 0.5 HT [1.48- 1.7];2.80021E+11;2022-09-08T16:59:42.135Z;2;1.48;BACK;0.96;Over 0.5 Goals;5851483
33;OVER 0.5 HT [1.48- 1.7];2.80021E+11;2022-09-08T17:01:13.207Z;2;1.48;BACK;0.96;Over 0.5 Goals;5851483
33;OVER 0.5 HT [1.48- 1.7];2.80037E+11;2022-09-08T19:11:19.442Z;2;1.6;BACK;-2;Over 0.5 Goals;5851483
33;OVER 0.5 HT [1.48- 1.7];2.80037E+11;2022-09-08T19:12:48.832Z;2;1.56;BACK;-2;Over 0.5 Goals;5851483
33;OVER 0.5 HT [1.48- 1.7];2.80037E+11;2022-09-08T19:13:18.011Z;2;1.68;BACK;1.36;Over 0.5 Goals;5851483
33;OVER 0.5 HT [1.48- 1.7];2.80047E+11;2022-09-08T21:12:14.739Z;2;1.71;BACK;1.42;Over 0.5 Goals;5851483
33;OVER 0.5 HT [1.48- 1.7];2.80056E+11;2022-09-09T00:40:40.753Z;2;1.53;BACK;1.06;Over 0.5 Goals;5851483
33;OVER 0.5 HT [1.48- 1.7];2.80111E+11;2022-09-09T16:41:45.768Z;2;1.53;BACK;-2;Over 0.5 Goals;5851483
33;OVER 0.5 HT [1.48- 1.7];2.80111E+11;2022-09-09T16:43:16.151Z;2;1.51;BACK;1.02;Over 0.5 Goals;5851483
33;OVER 0.5 HT [1.48- 1.7];2.80122E+11;2022-09-09T18:12:50.731Z;2;1.48;BACK;0.96;Over 0.5 Goals;5851483
33;OVER 0.5 HT [1.48- 1.7];2.80126E+11;2022-09-09T18:41:24.672Z;2;1.66;BACK;-2;Over 0.5 Goals;5851483
33;OVER 0.5 HT [1.48- 1.7];2.80127E+11;2022-09-09T18:45:55.250Z;2;1.49;BACK;-2;Over 0.5 Goals;5851483
33;OVER 0.5 HT [1.48- 1.7];2.80148E+11;2022-09-09T23:49:17.272Z;2;1.56;BACK;-2;Over 0.5 Goals;5851483
33;OVER 0.5 HT [1.48- 1.7];2.80189E+11;2022-09-10T09:44:01.633Z;2;1.7;BACK;1.4;Over 0.5 Goals;5851483
33;OVER 0.5 HT [1.48- 1.7];2.80193E+11;2022-09-10T10:15:12.084Z;2;1.55;BACK;-2;Over 0.5 Goals;5851483
33;OVER 0.5 HT [1.48- 1.7];2.80193E+11;2022-09-10T10:16:10.723Z;2;1.66;BACK;-2;Over 0.5 Goals;5851483
33;OVER 0.5 HT [1.48- 1.7];2.80201E+11;2022-09-10T11:12:14.737Z;2;1.51;BACK;1.02;Over 0.5 Goals;5851483
33;OVER 0.5 HT [1.48- 1.7];2.80201E+11;2022-09-10T11:12:14.765Z;2;1.5;BACK;-2;Over 0.5 Goals;5851483
33;OVER 0.5 HT [1.48- 1.7];2.80201E+11;2022-09-10T11:12:14.810Z;2;1.54;BACK;-2;Over 0.5 Goals;5851483
33;OVER 0.5 HT [1.48- 1.7];2.80222E+11;2022-09-10T13:13:20.155Z;2;1.5;BACK;-2;Over 0.5 Goals;5851483
33;OVER 0.5 HT [1.48- 1.7];2.80222E+11;2022-09-10T13:13:49.788Z;2;1.68;BACK;1.36;Over 0.5 Goals;5851483
33;OVER 0.5 HT [1.48- 1.7];2.80227E+11;2022-09-10T13:41:28.219Z;2;1.52;BACK;-2;Over 0.5 Goals;5851483
33;OVER 0.5 HT [1.48- 1.7];2.80227E+11;2022-09-10T13:41:56.442Z;2;1.51;BACK;-2;Over 0.5 Goals;5851483
33;OVER 0.5 HT [1.48- 1.7];2.80228E+11;2022-09-10T13:44:27.711Z;2;1.48;BACK;-2;Over 0.5 Goals;5851483
33;OVER 0.5 HT [1.48- 1.7];2.80228E+11;2022-09-10T13:47:57.725Z;2;1.48;BACK;0.96;Over 0.5 Goals;5851483
33;OVER 0.5 HT [1.48- 1.7];2.80238E+11;2022-09-10T14:43:42.424Z;2;1.48;BACK;-2;Over 0.5 Goals;5851483
33;OVER 0.5 HT [1.48- 1.7];2.80239E+11;2022-09-10T14:44:09.484Z;2;1.53;BACK;-2;Over 0.5 Goals;5851483
33;OVER 0.5 HT [1.48- 1.7];2.80243E+11;2022-09-10T15:12:57.391Z;2;1.48;BACK;-2;Over 0.5 Goals;5851483
33;OVER 0.5 HT [1.48- 1.7];2.80252E+11;2022-09-10T16:11:57.526Z;2;1.59;BACK;-2;Over 0.5 Goals;5851483
33;OVER 0.5 HT [1.48- 1.7];2.80257E+11;2022-09-10T16:42:29.299Z;2;1.58;BACK;1.16;Over 0.5 Goals;5851483
33;OVER 0.5 HT [1.48- 1.7];2.80257E+11;2022-09-10T16:42:58.691Z;2;1.48;BACK;-2;Over 0.5 Goals;5851483
33;OVER 0.5 HT [1.48- 1.7];2.80262E+11;2022-09-10T17:13:36.599Z;2;1.58;BACK;-2;Over 0.5 Goals;5851483
33;OVER 0.5 HT [1.48- 1.7];2.80278E+11;2022-09-10T19:12:15.231Z;2;1.57;BACK;1.14;Over 0.5 Goals;5851483
33;OVER 0.5 HT [1.48- 1.7];2.80284E+11;2022-09-10T20:01:45.625Z;2;1.54;BACK;1.08;Over 0.5 Goals;5851483
33;OVER 0.5 HT [1.48- 1.7];2.80291E+11;2022-09-10T21:18:11.013Z;2;1.68;BACK;1.36;Over 0.5 Goals;5851483
33;OVER 0.5 HT [1.48- 1.7];2.80301E+11;2022-09-10T23:49:11.974Z;2;1.55;BACK;1.1;Over 0.5 Goals;5851483
33;OVER 0.5 HT [1.48- 1.7];2.80301E+11;2022-09-10T23:51:41.924Z;2;1.48;BACK;0.96;Over 0.5 Goals;5851483
33;OVER 0.5 HT [1.48- 1.7];2.80301E+11;2022-09-10T23:53:11.249Z;2;1.48;BACK;-2;Over 0.5 Goals;5851483
33;OVER 0.5 HT [1.48- 1.7];2.80401E+11;2022-09-11T14:58:38.447Z;2;1.63;BACK;-2;Over 0.5 Goals;5851483
33;OVER 0.5 HT [1.48- 1.7];2.80404E+11;2022-09-11T15:14:08.388Z;2;1.57;BACK;-2;Over 0.5 Goals;5851483
33;OVER 0.5 HT [1.48- 1.7];2.80409E+11;2022-09-11T15:41:44.465Z;2;1.5;BACK;-2;Over 0.5 Goals;5851483
33;OVER 0.5 HT [1.48- 1.7];2.80415E+11;2022-09-11T16:11:39.626Z;2;1.51;BACK;-2;Over 0.5 Goals;5851483
33;OVER 0.5 HT [1.48- 1.7];2.80426E+11;2022-09-11T17:15:41.426Z;2;1.61;BACK;1.22;Over 0.5 Goals;5851483
33;OVER 0.5 HT [1.48- 1.7];2.80426E+11;2022-09-11T17:16:11.558Z;2;1.68;BACK;1.36;Over 0.5 Goals;5851483
33;OVER 0.5 HT [1.48- 1.7];2.80439E+11;2022-09-11T18:57:08.185Z;2;1.56;BACK;1.12;Over 0.5 Goals;5851483
33;OVER 0.5 HT [1.48- 1.7];2.80441E+11;2022-09-11T19:11:05.043Z;2;1.65;BACK;-2;Over 0.5 Goals;5851483
33;OVER 0.5 HT [1.48- 1.7];2.80441E+11;2022-09-11T19:12:05.028Z;2;1.59;BACK;-2;Over 0.5 Goals;5851483
33;OVER 0.5 HT [1.48- 1.7];2.80456E+11;2022-09-11T22:11:22.762Z;2;1.67;BACK;-2;Over 0.5 Goals;5851483
33;OVER 0.5 HT [1.48- 1.7];2.80475E+11;2022-09-12T07:13:10.036Z;2;1.49;BACK;0.98;Over 0.5 Goals;5851483
33;OVER 0.5 HT [1.48- 1.7];2.80477E+11;2022-09-12T07:50:40.273Z;2;1.53;BACK;1.06;Over 0.5 Goals;5851483
33;OVER 0.5 HT [1.48- 1.7];2.80533E+11;2022-09-12T18:55:23.361Z;2;1.57;BACK;1.14;Over 0.5 Goals;5851483
33;OVER 0.5 HT [1.48- 1.7];2.80536E+11;2022-09-12T19:26:22.749Z;2;1.62;BACK;1.24;Over 0.5 Goals;5851483
33;OVER 0.5 HT [1.48- 1.7];2.80616E+11;2022-09-13T16:56:02.342Z;2;1.56;BACK;1.12;Over 0.5 Goals;5851483
33;OVER 0.5 HT [1.48- 1.7];2.80616E+11;2022-09-13T16:56:02.358Z;2;1.65;BACK;-2;Over 0.5 Goals;5851483
33;OVER 0.5 HT [1.48- 1.7];2.8063E+11;2022-09-13T18:56:08.773Z;2;1.54;BACK;1.08;Over 0.5 Goals;5851483
33;OVER 0.5 HT [1.48- 1.7];2.8063E+11;2022-09-13T18:57:07.657Z;2;1.7;BACK;1.4;Over 0.5 Goals;5851483
33;OVER 0.5 HT [1.48- 1.7];2.8063E+11;2022-09-13T18:57:07.687Z;2;1.63;BACK;1.26;Over 0.5 Goals;5851483
33;OVER 0.5 HT [1.48- 1.7];2.8063E+11;2022-09-13T18:57:38.112Z;2;1.6;BACK;-2;Over 0.5 Goals;5851483
33;OVER 0.5 HT [1.48- 1.7];2.8063E+11;2022-09-13T18:57:38.134Z;2;1.57;BACK;-2;Over 0.5 Goals;5851483
33;OVER 0.5 HT [1.48- 1.7];2.8063E+11;2022-09-13T18:57:38.156Z;2;1.65;BACK;1.3;Over 0.5 Goals;5851483
33;OVER 0.5 HT [1.48- 1.7];2.8063E+11;2022-09-13T18:58:07.797Z;2;1.67;BACK;-2;Over 0.5 Goals;5851483
33;OVER 0.5 HT [1.48- 1.7];2.8063E+11;2022-09-13T18:58:39.620Z;2;1.56;BACK;-2;Over 0.5 Goals;5851483
33;OVER 0.5 HT [1.48- 1.7];2.80631E+11;2022-09-13T19:00:08.555Z;2;1.54;BACK;1.08;Over 0.5 Goals;5851483
33;OVER 0.5 HT [1.48- 1.7];2.80632E+11;2022-09-13T19:04:09.076Z;2;1.48;BACK;0.96;Over 0.5 Goals;5851483
33;OVER 0.5 HT [1.48- 1.7];2.80634E+11;2022-09-13T19:11:59.179Z;2;1.54;BACK;1.08;Over 0.5 Goals;5851483
33;OVER 0.5 HT [1.48- 1.7];2.80634E+11;2022-09-13T19:11:59.192Z;2;1.59;BACK;1.18;Over 0.5 Goals;5851483
33;OVER 0.5 HT [1.48- 1.7];2.80635E+11;2022-09-13T19:15:57.553Z;2;1.5;BACK;1;Over 0.5 Goals;5851483
33;OVER 0.5 HT [1.48- 1.7];2.80635E+11;2022-09-13T19:17:57.059Z;2;1.5;BACK;-2;Over 0.5 Goals;5851483
33;OVER 0.5 HT [1.48- 1.7];2.80657E+11;2022-09-13T23:49:27.282Z;2;1.51;BACK;1.02;Over 0.5 Goals;5851483
33;OVER 0.5 HT [1.48- 1.7];2.80659E+11;2022-09-14T00:19:27.707Z;2;1.52;BACK;1.04;Over 0.5 Goals;5851483
33;OVER 0.5 HT [1.48- 1.7];2.80659E+11;2022-09-14T00:21:27.666Z;2;1.51;BACK;1.02;Over 0.5 Goals;5851483
33;OVER 0.5 HT [1.48- 1.7];2.8066E+11;2022-09-14T00:41:29.061Z;2;1.58;BACK;-2;Over 0.5 Goals;5851483
33;OVER 0.5 HT [1.48- 1.7];2.80661E+11;2022-09-14T00:48:59.051Z;2;1.5;BACK;1;Over 0.5 Goals;5851483
33;OVER 0.5 HT [1.48- 1.7];2.80661E+11;2022-09-14T00:49:29.953Z;2;1.48;BACK;0.96;Over 0.5 Goals;5851483
33;OVER 0.5 HT [1.48- 1.7];2.80692E+11;2022-09-14T10:15:10.317Z;2;1.48;BACK;0.96;Over 0.5 Goals;5851483
33;OVER 0.5 HT [1.48- 1.7];2.80697E+11;2022-09-14T10:44:41.302Z;2;1.62;BACK;1.24;Over 0.5 Goals;5851483
33;OVER 0.5 HT [1.48- 1.7];2.80745E+11;2022-09-14T16:57:46.409Z;2;1.55;BACK;1.1;Over 0.5 Goals;5851483
33;OVER 0.5 HT [1.48- 1.7];2.80757E+11;2022-09-14T18:58:23.523Z;2;1.69;BACK;1.38;Over 0.5 Goals;5851483
33;OVER 0.5 HT [1.48- 1.7];2.80757E+11;2022-09-14T18:58:52.227Z;2;1.65;BACK;-2;Over 0.5 Goals;5851483
33;OVER 0.5 HT [1.48- 1.7];2.80759E+11;2022-09-14T19:12:39.139Z;2;1.54;BACK;-2;Over 0.5 Goals;5851483
33;OVER 0.5 HT [1.48- 1.7];2.80759E+11;2022-09-14T19:13:10.171Z;2;1.63;BACK;-2;Over 0.5 Goals;5851483
33;OVER 0.5 HT [1.48- 1.7];2.80759E+11;2022-09-14T19:15:09.127Z;2;1.49;BACK;-2;Over 0.5 Goals;5851483
33;OVER 0.5 HT [1.48- 1.7];2.8076E+11;2022-09-14T19:17:10.271Z;2;1.48;BACK;-2;Over 0.5 Goals;5851483
33;OVER 0.5 HT [1.48- 1.7];2.8076E+11;2022-09-14T19:20:40.521Z;2;1.48;BACK;0.96;Over 0.5 Goals;5851483
33;OVER 0.5 HT [1.48- 1.7];2.80762E+11;2022-09-14T19:30:10.829Z;2;1.57;BACK;1.14;Over 0.5 Goals;5851483
33;OVER 0.5 HT [1.48- 1.7];2.80774E+11;2022-09-14T22:13:11.921Z;2;1.62;BACK;1.24;Over 0.5 Goals;5851483
33;OVER 0.5 HT [1.48- 1.7];2.80776E+11;2022-09-14T23:05:30.978Z;2;1.49;BACK;-2;Over 0.5 Goals;5851483
33;OVER 0.5 HT [1.48- 1.7];2.80777E+11;2022-09-14T23:19:32.301Z;2;1.65;BACK;-2;Over 0.5 Goals;5851483
33;OVER 0.5 HT [1.48- 1.7];2.80782E+11;2022-09-15T00:55:35.418Z;2;1.54;BACK;1.08;Over 0.5 Goals;5851483
33;OVER 0.5 HT [1.48- 1.7];2.80784E+11;2022-09-15T01:37:03.481Z;2;1.49;BACK;-2;Over 0.5 Goals;5851483
33;OVER 0.5 HT [1.48- 1.7];2.80787E+11;2022-09-15T02:19:01.825Z;2;1.49;BACK;-2;Over 0.5 Goals;5851483
33;OVER 0.5 HT [1.48- 1.7];2.80787E+11;2022-09-15T02:24:32.278Z;2;1.51;BACK;1.02;Over 0.5 Goals;5851483
33;OVER 0.5 HT [1.48- 1.7];2.80801E+11;2022-09-15T07:43:03.497Z;2;1.57;BACK;1.14;Over 0.5 Goals;5851483
33;OVER 0.5 HT [1.48- 1.7];2.80856E+11;2022-09-15T16:56:00.368Z;2;1.63;BACK;-2;Over 0.5 Goals;5851483
33;OVER 0.5 HT [1.48- 1.7];2.80856E+11;2022-09-15T16:56:00.516Z;2;1.56;BACK;1.12;Over 0.5 Goals;5851483
33;OVER 0.5 HT [1.48- 1.7];2.80856E+11;2022-09-15T16:56:00.587Z;2;1.61;BACK;1.22;Over 0.5 Goals;5851483
33;OVER 0.5 HT [1.48- 1.7];2.80856E+11;2022-09-15T16:58:00.271Z;2;1.5;BACK;-2;Over 0.5 Goals;5851483
33;OVER 0.5 HT [1.48- 1.7];2.80857E+11;2022-09-15T16:58:30.164Z;2;1.48;BACK;0.96;Over 0.5 Goals;5851483
33;OVER 0.5 HT [1.48- 1.7];2.80872E+11;2022-09-15T18:42:31.089Z;2;1.68;BACK;-2;Over 0.5 Goals;5851483
33;OVER 0.5 HT [1.48- 1.7];2.80876E+11;2022-09-15T19:11:31.771Z;2;1.56;BACK;1.12;Over 0.5 Goals;5851483
33;OVER 0.5 HT [1.48- 1.7];2.80876E+11;2022-09-15T19:12:01.464Z;2;1.48;BACK;-2;Over 0.5 Goals;5851483
33;OVER 0.5 HT [1.48- 1.7];2.80876E+11;2022-09-15T19:13:01.172Z;2;1.55;BACK;-2;Over 0.5 Goals;5851483
33;OVER 0.5 HT [1.48- 1.7];2.80876E+11;2022-09-15T19:14:01.389Z;2;1.48;BACK;-2;Over 0.5 Goals;5851483
33;OVER 0.5 HT [1.48- 1.7];2.80914E+11;2022-09-16T07:49:26.122Z;2;1.49;BACK;0.98;Over 0.5 Goals;5851483
33;OVER 0.5 HT [1.48- 1.7];2.80923E+11;2022-09-16T10:14:58.223Z;2;1.67;BACK;1.34;Over 0.5 Goals;5851483
33;OVER 0.5 HT [1.48- 1.7];2.80968E+11;2022-09-16T16:41:17.362Z;2;1.61;BACK;1.22;Over 0.5 Goals;5851483
33;OVER 0.5 HT [1.48- 1.7];2.80968E+11;2022-09-16T16:42:48.547Z;2;1.58;BACK;1.16;Over 0.5 Goals;5851483
33;OVER 0.5 HT [1.48- 1.7];2.80972E+11;2022-09-16T17:13:51.169Z;2;1.6;BACK;-2;Over 0.5 Goals;5851483
33;OVER 0.5 HT [1.48- 1.7];2.80982E+11;2022-09-16T18:12:51.209Z;2;1.49;BACK;-2;Over 0.5 Goals;5851483
33;OVER 0.5 HT [1.48- 1.7];2.80987E+11;2022-09-16T18:41:19.153Z;2;1.58;BACK;1.16;Over 0.5 Goals;5851483
33;OVER 0.5 HT [1.48- 1.7];2.80988E+11;2022-09-16T18:44:50.883Z;2;1.65;BACK;-2;Over 0.5 Goals;5851483
33;OVER 0.5 HT [1.48- 1.7];2.8099E+11;2022-09-16T18:58:49.703Z;2;1.66;BACK;1.32;Over 0.5 Goals;5851483
33;OVER 0.5 HT [1.48- 1.7];2.80992E+11;2022-09-16T19:10:50.521Z;2;1.53;BACK;1.06;Over 0.5 Goals;5851483
33;OVER 0.5 HT [1.48- 1.7];2.80994E+11;2022-09-16T19:24:53.678Z;2;1.66;BACK;1.32;Over 0.5 Goals;5851483
33;OVER 0.5 HT [1.48- 1.7];2.81015E+11;2022-09-17T01:16:24.867Z;2;1.65;BACK;-2;Over 0.5 Goals;5851483
33;OVER 0.5 HT [1.48- 1.7];2.81044E+11;2022-09-17T09:13:52.314Z;2;1.58;BACK;1.16;Over 0.5 Goals;5851483
33;OVER 0.5 HT [1.48- 1.7];2.81051E+11;2022-09-17T10:14:30.531Z;2;1.58;BACK;1.16;Over 0.5 Goals;5851483
33;OVER 0.5 HT [1.48- 1.7];2.81058E+11;2022-09-17T11:13:01.630Z;2;1.53;BACK;1.06;Over 0.5 Goals;5851483
33;OVER 0.5 HT [1.48- 1.7];2.81063E+11;2022-09-17T11:42:35.231Z;2;1.65;BACK;-2;Over 0.5 Goals;5851483
33;OVER 0.5 HT [1.48- 1.7];2.81068E+11;2022-09-17T12:10:33.048Z;2;1.69;BACK;1.38;Over 0.5 Goals;5851483
33;OVER 0.5 HT [1.48- 1.7];2.81068E+11;2022-09-17T12:12:02.788Z;2;1.72;BACK;1.44;Over 0.5 Goals;5851483
33;OVER 0.5 HT [1.48- 1.7];2.81068E+11;2022-09-17T12:12:02.823Z;2;1.59;BACK;1.18;Over 0.5 Goals;5851483
33;OVER 0.5 HT [1.48- 1.7];2.81069E+11;2022-09-17T12:15:36.816Z;2;1.64;BACK;-2;Over 0.5 Goals;5851483
33;OVER 0.5 HT [1.48- 1.7];2.81082E+11;2022-09-17T13:12:38.946Z;2;1.59;BACK;-2;Over 0.5 Goals;5851483
33;OVER 0.5 HT [1.48- 1.7];2.8109E+11;2022-09-17T13:45:12.321Z;2;1.48;BACK;-2;Over 0.5 Goals;5851483
33;OVER 0.5 HT [1.48- 1.7];2.81091E+11;2022-09-17T13:47:44.828Z;2;1.48;BACK;-2;Over 0.5 Goals;5851483
33;OVER 0.5 HT [1.48- 1.7];2.81092E+11;2022-09-17T13:52:42.414Z;2;1.47;BACK;-2;Over 0.5 Goals;5851483
33;OVER 0.5 HT [1.48- 1.7];2.81099E+11;2022-09-17T14:14:49.014Z;2;1.51;BACK;-2;Over 0.5 Goals;5851483
33;OVER 0.5 HT [1.48- 1.7];2.81099E+11;2022-09-17T14:15:26.076Z;2;1.68;BACK;-2;Over 0.5 Goals;5851483
33;OVER 0.5 HT [1.48- 1.7];2.81099E+11;2022-09-17T14:16:22.756Z;2;1.7;BACK;1.4;Over 0.5 Goals;5851483
33;OVER 0.5 HT [1.48- 1.7];2.811E+11;2022-09-17T14:17:51.364Z;2;1.65;BACK;-2;Over 0.5 Goals;5851483
33;OVER 0.5 HT [1.48- 1.7];2.81104E+11;2022-09-17T14:30:00.875Z;2;1.57;BACK;1.14;Over 0.5 Goals;5851483
33;OVER 0.5 HT [1.48- 1.7];2.81109E+11;2022-09-17T14:44:56.205Z;2;1.47;BACK;0.94;Over 0.5 Goals;5851483
33;OVER 0.5 HT [1.48- 1.7];2.81117E+11;2022-09-17T15:11:44.355Z;2;1.49;BACK;0.98;Over 0.5 Goals;5851483
33;OVER 0.5 HT [1.48- 1.7];2.81118E+11;2022-09-17T15:14:19.137Z;2;1.57;BACK;1.14;Over 0.5 Goals;5851483
33;OVER 0.5 HT [1.48- 1.7];2.81138E+11;2022-09-17T16:43:27.419Z;2;1.66;BACK;1.32;Over 0.5 Goals;5851483
33;OVER 0.5 HT [1.48- 1.7];2.81142E+11;2022-09-17T17:03:57.604Z;2;1.49;BACK;0.98;Over 0.5 Goals;5851483
33;OVER 0.5 HT [1.48- 1.7];2.81144E+11;2022-09-17T17:11:57.714Z;2;1.53;BACK;1.06;Over 0.5 Goals;5851483
33;OVER 0.5 HT [1.48- 1.7];2.81154E+11;2022-09-17T18:14:31.014Z;2;1.48;BACK;0.96;Over 0.5 Goals;5851483
33;OVER 0.5 HT [1.48- 1.7];2.81159E+11;2022-09-17T18:42:03.003Z;2;1.48;BACK;0.96;Over 0.5 Goals;5851483
33;OVER 0.5 HT [1.48- 1.7];2.81162E+11;2022-09-17T18:58:01.952Z;2;1.64;BACK;-2;Over 0.5 Goals;5851483
33;OVER 0.5 HT [1.48- 1.7];2.81162E+11;2022-09-17T18:59:29.606Z;2;1.66;BACK;-2;Over 0.5 Goals;5851483
33;OVER 0.5 HT [1.48- 1.7];2.81164E+11;2022-09-17T19:15:50.786Z;2;1.67;BACK;-2;Over 0.5 Goals;5851483
33;OVER 0.5 HT [1.48- 1.7];2.81165E+11;2022-09-17T19:17:50.989Z;2;1.49;BACK;-2;Over 0.5 Goals;5851483
33;OVER 0.5 HT [1.48- 1.7];2.81168E+11;2022-09-17T19:40:52.748Z;2;1.55;BACK;1.1;Over 0.5 Goals;5851483
33;OVER 0.5 HT [1.48- 1.7];2.81171E+11;2022-09-17T20:00:52.761Z;2;1.48;BACK;-2;Over 0.5 Goals;5851483
33;OVER 0.5 HT [1.48- 1.7];2.81181E+11;2022-09-17T22:10:48.583Z;2;1.68;BACK;-2;Over 0.5 Goals;5851483
33;OVER 0.5 HT [1.48- 1.7];2.81186E+11;2022-09-17T23:49:18.896Z;2;1.51;BACK;-2;Over 0.5 Goals;5851483
33;OVER 0.5 HT [1.48- 1.7];2.81191E+11;2022-09-18T00:51:50.480Z;2;1.53;BACK;1.06;Over 0.5 Goals;5851483
33;OVER 0.5 HT [1.48- 1.7];2.81192E+11;2022-09-18T01:18:50.837Z;2;1.56;BACK;-2;Over 0.5 Goals;5851483
33;OVER 0.5 HT [1.48- 1.7];2.81194E+11;2022-09-18T01:48:50.631Z;2;1.59;BACK;1.18;Over 0.5 Goals;5851483
33;OVER 0.5 HT [1.48- 1.7];2.81196E+11;2022-09-18T02:18:50.417Z;2;1.59;BACK;1.18;Over 0.5 Goals;5851483
33;OVER 0.5 HT [1.48- 1.7];2.81197E+11;2022-09-18T02:48:50.684Z;2;1.53;BACK;1.06;Over 0.5 Goals;5851483
33;OVER 0.5 HT [1.48- 1.7];2.81198E+11;2022-09-18T02:54:20.451Z;2;1.48;BACK;0.96;Over 0.5 Goals;5851483
33;OVER 0.5 HT [1.48- 1.7];2.81205E+11;2022-09-18T05:19:37.373Z;2;1.48;BACK;-2;Over 0.5 Goals;5851483
33;OVER 0.5 HT [1.48- 1.7];2.81229E+11;2022-09-18T10:13:52.788Z;2;1.67;BACK;1.34;Over 0.5 Goals;5851483
33;OVER 0.5 HT [1.48- 1.7];2.81232E+11;2022-09-18T10:28:24.947Z;2;1.66;BACK;1.32;Over 0.5 Goals;5851483
33;OVER 0.5 HT [1.48- 1.7];2.81239E+11;2022-09-18T11:13:54.438Z;2;1.49;BACK;0.98;Over 0.5 Goals;5851483
33;OVER 0.5 HT [1.48- 1.7];2.81244E+11;2022-09-18T11:41:56.471Z;2;1.64;BACK;1.28;Over 0.5 Goals;5851483
33;OVER 0.5 HT [1.48- 1.7];2.81244E+11;2022-09-18T11:42:24.337Z;2;1.53;BACK;1.06;Over 0.5 Goals;5851483
33;OVER 0.5 HT [1.48- 1.7];2.81255E+11;2022-09-18T12:40:57.036Z;2;1.49;BACK;0.98;Over 0.5 Goals;5851483
33;OVER 0.5 HT [1.48- 1.7];2.81255E+11;2022-09-18T12:42:57.276Z;2;1.49;BACK;0.98;Over 0.5 Goals;5851483
33;OVER 0.5 HT [1.48- 1.7];2.81261E+11;2022-09-18T13:14:04.443Z;2;1.69;BACK;-2;Over 0.5 Goals;5851483
33;OVER 0.5 HT [1.48- 1.7];2.81263E+11;2022-09-18T13:18:35.496Z;2;1.68;BACK;-2;Over 0.5 Goals;5851483
33;OVER 0.5 HT [1.48- 1.7];2.81274E+11;2022-09-18T14:12:37.029Z;2;1.65;BACK;1.3;Over 0.5 Goals;5851483
33;OVER 0.5 HT [1.48- 1.7];2.81278E+11;2022-09-18T14:30:36.087Z;2;1.69;BACK;1.38;Over 0.5 Goals;5851483
33;OVER 0.5 HT [1.48- 1.7];2.81283E+11;2022-09-18T14:57:40.859Z;2;1.52;BACK;1.04;Over 0.5 Goals;5851483
33;OVER 0.5 HT [1.48- 1.7];2.81296E+11;2022-09-18T16:12:40.912Z;2;1.61;BACK;1.22;Over 0.5 Goals;5851483
33;OVER 0.5 HT [1.48- 1.7];2.81297E+11;2022-09-18T16:15:39.338Z;2;1.64;BACK;-2;Over 0.5 Goals;5851483
33;OVER 0.5 HT [1.48- 1.7];2.81301E+11;2022-09-18T16:41:13.634Z;2;1.66;BACK;1.32;Over 0.5 Goals;5851483
33;OVER 0.5 HT [1.48- 1.7];2.81308E+11;2022-09-18T17:20:42.292Z;2;1.51;BACK;1.02;Over 0.5 Goals;5851483
33;OVER 0.5 HT [1.48- 1.7];2.81308E+11;2022-09-18T17:23:13.153Z;2;1.48;BACK;0.96;Over 0.5 Goals;5851483
33;OVER 0.5 HT [1.48- 1.7];2.81311E+11;2022-09-18T17:41:09.217Z;2;1.51;BACK;-2;Over 0.5 Goals;5851483
33;OVER 0.5 HT [1.48- 1.7];2.8132E+11;2022-09-18T18:57:33.827Z;2;1.7;BACK;-2;Over 0.5 Goals;5851483
33;OVER 0.5 HT [1.48- 1.7];2.81322E+11;2022-09-18T19:11:15.315Z;2;1.58;BACK;-2;Over 0.5 Goals;5851483
33;OVER 0.5 HT [1.48- 1.7];2.81322E+11;2022-09-18T19:11:46.289Z;2;1.69;BACK;1.38;Over 0.5 Goals;5851483
33;OVER 0.5 HT [1.48- 1.7];2.81326E+11;2022-09-18T19:44:47.120Z;2;1.49;BACK;-2;Over 0.5 Goals;5851483
33;OVER 0.5 HT [1.48- 1.7];2.81334E+11;2022-09-18T21:20:31.820Z;2;1.55;BACK;1.1;Over 0.5 Goals;5851483
33;OVER 0.5 HT [1.48- 1.7];2.81335E+11;2022-09-18T21:40:32.655Z;2;1.64;BACK;-2;Over 0.5 Goals;5851483
33;OVER 0.5 HT [1.48- 1.7];2.81337E+11;2022-09-18T22:11:32.974Z;2;1.52;BACK;1.04;Over 0.5 Goals;5851483
33;OVER 0.5 HT [1.48- 1.7];2.81341E+11;2022-09-18T23:42:32.828Z;2;1.65;BACK;1.31;Over 0.5 Goals;5851483
